<?xml version="1.0" encoding="UTF-8"?>
<project-private xmlns="http://www.netbeans.org/ns/project-private/1">
    <editor-bookmarks xmlns="http://www.netbeans.org/ns/editor-bookmarks/2" lastBookmarkId="0"/>
    <open-files xmlns="http://www.netbeans.org/ns/projectui-open-files/2">
        <group>
            <file>file:/D:/MICHAEL%20MVC/CALCULADORAMVC/src/calculadoramvc/CALCULADORAMVC.java</file>
            <file>file:/D:/MICHAEL%20MVC/CALCULADORAMVC/src/modelo/modelo.java</file>
            <file>file:/D:/MICHAEL%20MVC/CALCULADORAMVC/src/vista/vista.java</file>
            <file>file:/D:/MICHAEL%20MVC/CALCULADORAMVC/src/controlador/controlador.java</file>
        </group>
    </open-files>
</project-private>
